Datetime,Water Level (m)
2025-07-23 06:00:00,-0.00074186746
2025-07-23 07:00:00,-0.0005714997
2025-07-23 08:00:00,-0.00044299316
2025-07-23 09:00:00,-0.00034422678
2025-07-23 10:00:00,-0.00025796198
2025-07-23 11:00:00,-0.00021532392
2025-07-23 12:00:00,-0.0003162903
2025-07-23 13:00:00,-0.00052196224
2025-07-23 14:00:00,-0.0007428144
2025-07-23 15:00:00,-0.0009311658
2025-07-23 16:00:00,-0.0009650648
2025-07-23 17:00:00,-0.0008476961
2025-07-23 18:00:00,-0.0006310172
2025-07-23 19:00:00,-0.0004411756
2025-07-23 20:00:00,-0.00031614208
2025-07-23 21:00:00,-0.0001813288
2025-07-23 22:00:00,-6.618342e-05
2025-07-23 23:00:00,0.00010367709
2025-07-24 00:00:00,-0.00027169686
2025-07-24 01:00:00,-0.000604852
2025-07-24 02:00:00,-0.000967092
2025-07-24 03:00:00,-0.0012741461
2025-07-24 04:00:00,-0.0013053366
2025-07-24 05:00:00,-0.0012853681
2025-07-24 06:00:00,-0.0010455317
2025-07-24 07:00:00,-0.0008223326
2025-07-24 08:00:00,-0.0006316249
2025-07-24 09:00:00,-0.00047053155
2025-07-24 10:00:00,-0.00032460605
2025-07-24 11:00:00,-0.00020714774
2025-07-24 12:00:00,-0.00020079217
2025-07-24 13:00:00,-0.0003829567
2025-07-24 14:00:00,-0.00068521994
2025-07-24 15:00:00,-0.0009456735
2025-07-24 16:00:00,-0.001088395
2025-07-24 17:00:00,-0.0010628904
2025-07-24 18:00:00,-0.00090417085
2025-07-24 19:00:00,-0.0006678228
2025-07-24 20:00:00,-0.0004958929
2025-07-24 21:00:00,-0.0003446822
2025-07-24 22:00:00,-0.00024239902
2025-07-24 23:00:00,-0.00017738443
2025-07-25 00:00:00,-0.00018870409
2025-07-25 01:00:00,-0.00041021468
2025-07-25 02:00:00,-0.00072153646
2025-07-25 03:00:00,-0.0010944412
2025-07-25 04:00:00,-0.0013813786
2025-07-25 05:00:00,-0.0014428798
2025-07-25 06:00:00,-0.001318777
2025-07-25 07:00:00,-0.0010412448
2025-07-25 08:00:00,-0.00081846584
2025-07-25 09:00:00,-0.0006577559
2025-07-25 10:00:00,-0.00049818214
2025-07-25 11:00:00,-0.00036246108
2025-07-25 12:00:00,-0.0002722881
2025-07-25 13:00:00,-0.000256147
2025-07-25 14:00:00,-0.00047130443
2025-07-25 15:00:00,-0.0007654647
2025-07-25 16:00:00,-0.0010081303
2025-07-25 17:00:00,-0.0011242649
2025-07-25 18:00:00,-0.0010368493
2025-07-25 19:00:00,-0.0008114227
2025-07-25 20:00:00,-0.000615618
2025-07-25 21:00:00,-0.00046540768
2025-07-25 22:00:00,-0.00036064838
2025-07-25 23:00:00,-0.0002672873
2025-07-26 00:00:00,-0.00019912877
2025-07-26 01:00:00,-0.00021796595
2025-07-26 02:00:00,-0.0004568797
2025-07-26 03:00:00,-0.00076387764
2025-07-26 04:00:00,-0.0011332296
2025-07-26 05:00:00,-0.0013839809
2025-07-26 06:00:00,-0.0013966974
2025-07-26 07:00:00,-0.0011978012
2025-07-26 08:00:00,-0.0008916278
2025-07-26 09:00:00,-0.0007021202
2025-07-26 10:00:00,-0.0005470495
2025-07-26 11:00:00,-0.00042985537
2025-07-26 12:00:00,-0.00032942253
2025-07-26 13:00:00,-0.00025830846
2025-07-26 14:00:00,-0.00031670285
2025-07-26 15:00:00,-0.0005757482
2025-07-26 16:00:00,-0.00083773234
2025-07-26 17:00:00,-0.0010631317
2025-07-26 18:00:00,-0.0011261902
2025-07-26 19:00:00,-0.0009854594
2025-07-26 20:00:00,-0.0007471373
2025-07-26 21:00:00,-0.0005711651
2025-07-26 22:00:00,-0.00044788624
2025-07-26 23:00:00,-0.00034853676
2025-07-27 00:00:00,-0.0002625336
2025-07-27 01:00:00,-0.00020640531
2025-07-27 02:00:00,-0.00030016512
2025-07-27 03:00:00,-0.0005681851
2025-07-27 04:00:00,-0.00089633086
2025-07-27 05:00:00,-0.0012302614
2025-07-27 06:00:00,-0.0013847322
2025-07-27 07:00:00,-0.0012893452
2025-07-27 08:00:00,-0.001006236
2025-07-27 09:00:00,-0.0007632824
2025-07-27 10:00:00,-0.00059912965
2025-07-27 11:00:00,-0.00047435338
2025-07-27 12:00:00,-0.00036660448
2025-07-27 13:00:00,-0.0002737359
2025-07-27 14:00:00,-0.00023987828
2025-07-27 15:00:00,-0.00039899463
2025-07-27 16:00:00,-0.00063524593
2025-07-27 17:00:00,-0.0008920252
2025-07-27 18:00:00,-0.0010749636
2025-07-27 19:00:00,-0.001058237
2025-07-27 20:00:00,-0.0008647763
2025-07-27 21:00:00,-0.00063733314
2025-07-27 22:00:00,-0.0004884472
2025-07-27 23:00:00,-0.00038648167
2025-07-28 00:00:00,-0.00029345203
2025-07-28 01:00:00,-0.00021405023
2025-07-28 02:00:00,-0.00019199969
2025-07-28 03:00:00,-0.0003955758
2025-07-28 04:00:00,-0.00065999647
2025-07-28 05:00:00,-0.0009862719
2025-07-28 06:00:00,-0.001242341
2025-07-28 07:00:00,-0.0012749275
2025-07-28 08:00:00,-0.0010778937
2025-07-28 09:00:00,-0.0008062635
2025-07-28 10:00:00,-0.0006262846
2025-07-28 11:00:00,-0.00048656584
2025-07-28 12:00:00,-0.00038200844
2025-07-28 13:00:00,-0.00028388336
2025-07-28 14:00:00,-0.0002204671
2025-07-28 15:00:00,-0.0002748909
2025-07-28 16:00:00,-0.0005050815
2025-07-28 17:00:00,-0.0007405544
2025-07-28 18:00:00,-0.0009784679
2025-07-28 19:00:00,-0.0010728204
2025-07-28 20:00:00,-0.0009724576
2025-07-28 21:00:00,-0.00074128644
2025-07-28 22:00:00,-0.0005559227
2025-07-28 23:00:00,-0.00043865555
2025-07-29 00:00:00,-0.0003460159
2025-07-29 01:00:00,-0.0002589938
2025-07-29 02:00:00,-0.00019861817
2025-07-29 03:00:00,-0.00027769932
2025-07-29 04:00:00,-0.0005088356
2025-07-29 05:00:00,-0.0007676072
2025-07-29 06:00:00,-0.0010447203
